[{"id": 377931, "general": {"ref_id": 377931, "date": 1662319077.0}, "text": {"text": "That's a biased way to put it imo. I run several nodes / validators and I pay almost everything with the rewards by using Visa prepaid cards I charge with ETH. Some people does that and yeah you don't pay with crypto per se but still some use it. Beside lending / borrowing is growing no ? We should be able to get data about that last point."}, "conversation": {"root_ref": null, "reply_ref": null, "sender": {"ref": 453611653, "avatar_url": "telegram/user_avatar/640x640/453611653.png", "name": "h", "username": "trgnbn", "is_bot": false}}, "engagement": {"reaction_list": [], "mentions_list": [], "hashtag_list": [], "external_links_list": []}, "forward": {"for_ref_id": null, "for_from_channel": null, "for_from_user": null}, "image": null}, {"id": 377930, "general": {"ref_id": 377930, "date": 1662319049.0}, "text": {"text": "It's not exclusive to Austria (which isn't Australia) but this is diving too deep into a tangent\n\n https://www.vice.com/amp/en/article/5394ax/the-operators"}, "conversation": {"root_ref": null, "reply_ref": null, "sender": {"ref": 464619027, "avatar_url": "telegram/user_avatar/640x640/464619027.png", "name": "Coiner_", "username": "coine_r", "is_bot": false}}, "engagement": {"reaction_list": [], "mentions_list": [], "hashtag_list": [], "external_links_list": [{"url": "https://www.vice.com/amp/en/article/5394ax/the-operators", "title": "The People Who Risk Jail to Maintain the Tor Network", "description": "Some of the volunteers who keep the Tor network running are raided for their services. \"Richard\" was one of them."}]}, "forward": {"for_ref_id": null, "for_from_channel": null, "for_from_user": null}, "image": null}, {"id": 377929, "general": {"ref_id": 377929, "date": 1662319023.0}, "text": {"text": "Muted for a week, this was a literal spam spree."}, "conversation": {"root_ref": null, "reply_ref": null, "sender": {"ref": 375542731, "avatar_url": "telegram/user_avatar/640x640/375542731.png", "name": "ivangbi | ngmi (\ud83e\udd9e,\u2699\ufe0f)", "username": "ivangbi", "is_bot": false}}, "engagement": {"reaction_list": [], "mentions_list": [], "hashtag_list": [], "external_links_list": []}, "forward": {"for_ref_id": null, "for_from_channel": null, "for_from_user": null}, "image": null}, {"id": 377927, "general": {"ref_id": 377927, "date": 1662318916.0}, "text": {"text": "That\u2019s not how economic incentives on such distributed networks have worked so far"}, "conversation": {"root_ref": 377915, "reply_ref": 377921, "sender": {"ref": 375542731, "avatar_url": "telegram/user_avatar/640x640/375542731.png", "name": "ivangbi | ngmi (\ud83e\udd9e,\u2699\ufe0f)", "username": "ivangbi", "is_bot": false}}, "engagement": {"reaction_list": [{"emoji_unicode": "\ud83d\udc4d", "count": 1}], "mentions_list": [], "hashtag_list": [], "external_links_list": []}, "forward": {"for_ref_id": null, "for_from_channel": null, "for_from_user": null}, "image": null}, {"id": 377925, "general": {"ref_id": 377925, "date": 1662318885.0}, "text": {"text": "https://www.zdnet.com/article/austrian-man-raided-for-operating-tor-exit-node/"}, "conversation": {"root_ref": null, "reply_ref": 377919, "sender": {"ref": 464619027, "avatar_url": "telegram/user_avatar/640x640/464619027.png", "name": "Coiner_", "username": "coine_r", "is_bot": false}}, "engagement": {"reaction_list": [{"emoji_unicode": "\ud83d\udc4d", "count": 1}], "mentions_list": [], "hashtag_list": [], "external_links_list": [{"url": "https://www.zdnet.com/article/austrian-man-raided-for-operating-tor-exit-node/", "title": "Austrian man raided for operating TOR exit node", "description": "An Austrian man has had his equipment seized after operating a TOR node that was allegedly used to distribute child abuse material."}]}, "forward": {"for_ref_id": null, "for_from_channel": null, "for_from_user": null}, "image": null}, {"id": 377924, "general": {"ref_id": 377924, "date": 1662318884.0}, "text": {"text": "Ahhhh we on \u201cvolatile coins for payments\u201d again?"}, "conversation": {"root_ref": null, "reply_ref": 377882, "sender": {"ref": 375542731, "avatar_url": "telegram/user_avatar/640x640/375542731.png", "name": "ivangbi | ngmi (\ud83e\udd9e,\u2699\ufe0f)", "username": "ivangbi", "is_bot": false}}, "engagement": {"reaction_list": [], "mentions_list": [], "hashtag_list": [], "external_links_list": []}, "forward": {"for_ref_id": null, "for_from_channel": null, "for_from_user": null}, "image": null}, {"id": 377922, "general": {"ref_id": 377922, "date": 1662318822.0}, "text": {"text": "That sounds like a good reason to not own it in the first place"}, "conversation": {"root_ref": null, "reply_ref": null, "sender": {"ref": 464619027, "avatar_url": "telegram/user_avatar/640x640/464619027.png", "name": "Coiner_", "username": "coine_r", "is_bot": false}}, "engagement": {"reaction_list": [], "mentions_list": [], "hashtag_list": [], "external_links_list": []}, "forward": {"for_ref_id": null, "for_from_channel": null, "for_from_user": null}, "image": null}, {"id": 377921, "general": {"ref_id": 377921, "date": 1662318792.0}, "text": {"text": "if you have a stack of nano and dont want it rekt, then spending X amount under the amount you have would make it worth it"}, "conversation": {"root_ref": 377915, "reply_ref": 377918, "sender": {"ref": 5648487984, "avatar_url": "telegram/user_avatar/640x640/5648487984.png", "name": "Antlerian", "username": "antlerian", "is_bot": false}}, "engagement": {"reaction_list": [], "mentions_list": [], "hashtag_list": [], "external_links_list": []}, "forward": {"for_ref_id": null, "for_from_channel": null, "for_from_user": null}, "image": null}, {"id": 377920, "general": {"ref_id": 377920, "date": 1662318781.0}, "text": {"text": "Even with the tipbot and \"playnano\" spam, it averages <1 tx per second\n\nhttps://nanolooker.com/"}, "conversation": {"root_ref": null, "reply_ref": null, "sender": {"ref": 464619027, "avatar_url": "telegram/user_avatar/640x640/464619027.png", "name": "Coiner_", "username": "coine_r", "is_bot": false}}, "engagement": {"reaction_list": [], "mentions_list": [], "hashtag_list": [], "external_links_list": [{"url": "https://nanolooker.com/", "title": "nanolooker.com", "description": "NanoLooker allows you to explore and search the Nano blockchain for transactions history, accounts, other activities happening on the Nano (XNO) network"}]}, "forward": {"for_ref_id": null, "for_from_channel": null, "for_from_user": null}, "image": null}, {"id": 377919, "general": {"ref_id": 377919, "date": 1662318762.0}, "text": {"text": "who is going to jail for tor?"}, "conversation": {"root_ref": null, "reply_ref": null, "sender": {"ref": 5648487984, "avatar_url": "telegram/user_avatar/640x640/5648487984.png", "name": "Antlerian", "username": "antlerian", "is_bot": false}}, "engagement": {"reaction_list": [], "mentions_list": [], "hashtag_list": [], "external_links_list": []}, "forward": {"for_ref_id": null, "for_from_channel": null, "for_from_user": null}, "image": null}, {"id": 377918, "general": {"ref_id": 377918, "date": 1662318757.0}, "text": {"text": "You keep beating around the bush. For the third time, what is the incentive to validate txs on Nano?"}, "conversation": {"root_ref": null, "reply_ref": 377915, "sender": {"ref": 464619027, "avatar_url": "telegram/user_avatar/640x640/464619027.png", "name": "Coiner_", "username": "coine_r", "is_bot": false}}, "engagement": {"reaction_list": [], "mentions_list": [], "hashtag_list": [], "external_links_list": []}, "forward": {"for_ref_id": null, "for_from_channel": null, "for_from_user": null}, "image": null}, {"id": 377916, "general": {"ref_id": 377916, "date": 1662318671.0}, "text": {"text": "the \"There are privacy zealots willing to go to jail to keep Tor alive.\" bit"}, "conversation": {"root_ref": null, "reply_ref": 377914, "sender": {"ref": 5648487984, "avatar_url": "telegram/user_avatar/640x640/5648487984.png", "name": "Antlerian", "username": "antlerian", "is_bot": false}}, "engagement": {"reaction_list": [], "mentions_list": [], "hashtag_list": [], "external_links_list": []}, "forward": {"for_ref_id": null, "for_from_channel": null, "for_from_user": null}, "image": null}, {"id": 377915, "general": {"ref_id": 377915, "date": 1662318653.0}, "text": {"text": "and the fact that multiple entities needing tor to exist kinda proves the point that you can have a protocol work without having explicit payment"}, "conversation": {"root_ref": null, "reply_ref": null, "sender": {"ref": 5648487984, "avatar_url": "telegram/user_avatar/640x640/5648487984.png", "name": "Antlerian", "username": "antlerian", "is_bot": false}}, "engagement": {"reaction_list": [], "mentions_list": [], "hashtag_list": [], "external_links_list": []}, "forward": {"for_ref_id": null, "for_from_channel": null, "for_from_user": null}, "image": null}, {"id": 377914, "general": {"ref_id": 377914, "date": 1662318632.0}, "text": {"text": "Not sure what that has to do with my question"}, "conversation": {"root_ref": null, "reply_ref": null, "sender": {"ref": 464619027, "avatar_url": "telegram/user_avatar/640x640/464619027.png", "name": "Coiner_", "username": "coine_r", "is_bot": false}}, "engagement": {"reaction_list": [], "mentions_list": [], "hashtag_list": [], "external_links_list": []}, "forward": {"for_ref_id": null, "for_from_channel": null, "for_from_user": null}, "image": null}, {"id": 377913, "general": {"ref_id": 377913, "date": 1662318609.0}, "text": {"text": "running Tor isnt illegal?"}, "conversation": {"root_ref": 377893, "reply_ref": 377912, "sender": {"ref": 5648487984, "avatar_url": "telegram/user_avatar/640x640/5648487984.png", "name": "Antlerian", "username": "antlerian", "is_bot": false}}, "engagement": {"reaction_list": [], "mentions_list": [], "hashtag_list": [], "external_links_list": []}, "forward": {"for_ref_id": null, "for_from_channel": null, "for_from_user": null}, "image": null}, {"id": 377912, "general": {"ref_id": 377912, "date": 1662318591.0}, "text": {"text": "What does this mean? \n\nTor was effectively created by DARPA and is funded by the USG. Its existence is useful in more ways than one.\n\nThere are privacy zealots willing to go to jail to keep Tor alive.\n\nAnd then there are the \"bad people\" who use it for their business.\n\nWhat is the incentive to validate txs on Nano?"}, "conversation": {"root_ref": null, "reply_ref": 377893, "sender": {"ref": 464619027, "avatar_url": "telegram/user_avatar/640x640/464619027.png", "name": "Coiner_", "username": "coine_r", "is_bot": false}}, "engagement": {"reaction_list": [], "mentions_list": [], "hashtag_list": [], "external_links_list": []}, "forward": {"for_ref_id": null, "for_from_channel": null, "for_from_user": null}, "image": null}, {"id": 377895, "general": {"ref_id": 377895, "date": 1662318168.0}, "text": {"text": "Not true."}, "conversation": {"root_ref": null, "reply_ref": 377878, "sender": {"ref": 387189569, "avatar_url": "telegram/user_avatar/640x640/387189569.png", "name": "Moar", "username": "Moarrr999", "is_bot": false}}, "engagement": {"reaction_list": [], "mentions_list": [], "hashtag_list": [], "external_links_list": []}, "forward": {"for_ref_id": null, "for_from_channel": null, "for_from_user": null}, "image": null}, {"id": 377894, "general": {"ref_id": 377894, "date": 1662318156.0}, "text": {"text": "in theory you dont need to pay ppl to run a network if they have reason to run it otherwise"}, "conversation": {"root_ref": null, "reply_ref": null, "sender": {"ref": 5648487984, "avatar_url": "telegram/user_avatar/640x640/5648487984.png", "name": "Antlerian", "username": "antlerian", "is_bot": false}}, "engagement": {"reaction_list": [], "mentions_list": [], "hashtag_list": [], "external_links_list": []}, "forward": {"for_ref_id": null, "for_from_channel": null, "for_from_user": null}, "image": null}, {"id": 377893, "general": {"ref_id": 377893, "date": 1662318133.0}, "text": {"text": "i mean, Tor also doesn't pay anyone"}, "conversation": {"root_ref": null, "reply_ref": null, "sender": {"ref": 5648487984, "avatar_url": "telegram/user_avatar/640x640/5648487984.png", "name": "Antlerian", "username": "antlerian", "is_bot": false}}, "engagement": {"reaction_list": [], "mentions_list": [], "hashtag_list": [], "external_links_list": []}, "forward": {"for_ref_id": null, "for_from_channel": null, "for_from_user": null}, "image": null}, {"id": 377892, "general": {"ref_id": 377892, "date": 1662318098.0}, "text": {"text": "There's no incentive to validate a tx on Nano because there are no fees on the network. It's an elaborate house of cards that works because it's practically unused"}, "conversation": {"root_ref": null, "reply_ref": null, "sender": {"ref": 464619027, "avatar_url": "telegram/user_avatar/640x640/464619027.png", "name": "Coiner_", "username": "coine_r", "is_bot": false}}, "engagement": {"reaction_list": [], "mentions_list": [], "hashtag_list": [], "external_links_list": []}, "forward": {"for_ref_id": null, "for_from_channel": null, "for_from_user": null}, "image": null}, {"id": 377891, "general": {"ref_id": 377891, "date": 1662317587.0}, "text": {"text": "I'm just curious and I come with a contemporary art liberal background so go easy on my \ud83d\ude05"}, "conversation": {"root_ref": null, "reply_ref": null, "sender": {"ref": 453611653, "avatar_url": "telegram/user_avatar/640x640/453611653.png", "name": "h", "username": "trgnbn", "is_bot": false}}, "engagement": {"reaction_list": [], "mentions_list": [], "hashtag_list": [], "external_links_list": []}, "forward": {"for_ref_id": null, "for_from_channel": null, "for_from_user": null}, "image": null}, {"id": 377890, "general": {"ref_id": 377890, "date": 1662317556.0}, "text": {"text": "It scales ser"}, "conversation": {"root_ref": null, "reply_ref": null, "sender": {"ref": 453611653, "avatar_url": "telegram/user_avatar/640x640/453611653.png", "name": "h", "username": "trgnbn", "is_bot": false}}, "engagement": {"reaction_list": [], "mentions_list": [], "hashtag_list": [], "external_links_list": []}, "forward": {"for_ref_id": null, "for_from_channel": null, "for_from_user": null}, "image": null}, {"id": 377889, "general": {"ref_id": 377889, "date": 1662317539.0}, "text": {"text": "That's unrelated. The question is what the incentive to validate txs on the network is, not what incentive there is to use it"}, "conversation": {"root_ref": 377881, "reply_ref": 377888, "sender": {"ref": 464619027, "avatar_url": "telegram/user_avatar/640x640/464619027.png", "name": "Coiner_", "username": "coine_r", "is_bot": false}}, "engagement": {"reaction_list": [], "mentions_list": [], "hashtag_list": [], "external_links_list": []}, "forward": {"for_ref_id": null, "for_from_channel": null, "for_from_user": null}, "image": null}, {"id": 377888, "general": {"ref_id": 377888, "date": 1662317479.0}, "text": {"text": "If you have to pow on the user side then you're kinda forced to ?"}, "conversation": {"root_ref": 377881, "reply_ref": 377886, "sender": {"ref": 453611653, "avatar_url": "telegram/user_avatar/640x640/453611653.png", "name": "h", "username": "trgnbn", "is_bot": false}}, "engagement": {"reaction_list": [], "mentions_list": [], "hashtag_list": [], "external_links_list": []}, "forward": {"for_ref_id": null, "for_from_channel": null, "for_from_user": null}, "image": null}, {"id": 377887, "general": {"ref_id": 377887, "date": 1662317422.0}, "text": {"text": "there doesn't appear to be any. though if you hold a lot then you have a natural incentive"}, "conversation": {"root_ref": null, "reply_ref": null, "sender": {"ref": 5648487984, "avatar_url": "telegram/user_avatar/640x640/5648487984.png", "name": "Antlerian", "username": "antlerian", "is_bot": false}}, "engagement": {"reaction_list": [], "mentions_list": [], "hashtag_list": [], "external_links_list": []}, "forward": {"for_ref_id": null, "for_from_channel": null, "for_from_user": null}, "image": null}, {"id": 377886, "general": {"ref_id": 377886, "date": 1662317400.0}, "text": {"text": "What is the incentive to validate txs in Nano?"}, "conversation": {"root_ref": null, "reply_ref": 377881, "sender": {"ref": 464619027, "avatar_url": "telegram/user_avatar/640x640/464619027.png", "name": "Coiner_", "username": "coine_r", "is_bot": false}}, "engagement": {"reaction_list": [], "mentions_list": [], "hashtag_list": [], "external_links_list": []}, "forward": {"for_ref_id": null, "for_from_channel": null, "for_from_user": null}, "image": null}, {"id": 377885, "general": {"ref_id": 377885, "date": 1662317344.0}, "text": {"text": "I remember first hearing about it when it went up to some insane number and thinking \"hmm i should look into how that works\" and by the time i opened the wikipedia link it crashed lol"}, "conversation": {"root_ref": null, "reply_ref": null, "sender": {"ref": 5648487984, "avatar_url": "telegram/user_avatar/640x640/5648487984.png", "name": "Antlerian", "username": "antlerian", "is_bot": false}}, "engagement": {"reaction_list": [], "mentions_list": [], "hashtag_list": [], "external_links_list": []}, "forward": {"for_ref_id": null, "for_from_channel": null, "for_from_user": null}, "image": null}]